<?xml version="1.0" encoding="UTF-8"?>
<beans xmlns="http://www.springframework.org/schema/beans"
	xmlns:xsi="http://www.w3.org/2001/XMLSchema-instance" xmlns:context="http://www.springframework.org/schema/context"
	xsi:schemaLocation="http://www.springframework.org/schema/beans
     http://www.springframework.org/schema/beans/spring-beans-4.0.xsd
     http://www.springframework.org/schema/context
     http://www.springframework.org/schema/context/spring-context-4.0.xsd">
     
     <bean id="mob" class="com.cg.spring2.service.Mobile">
     <property name="mobId" value="1001"></property>
     <property name="mobName" value="iphone7"></property>
     <property name="mobPrice" value="70000.25"></property>
   
    <property name="invent">
    
    <list>
    
   <ref bean="one"></ref>
   <ref bean="two"></ref>
   <ref bean="three"></ref>
   
    
    </list>
    
    </property>
     </bean>
     <bean id="one" class="com.cg.spring2.service.Inventory">
     <property name="mobCount" value="10"></property>
     <property name="mobCompany" value="Apple"></property>
     </bean>
          <bean id="two" class="com.cg.spring2.service.Inventory">
     <property name="mobCount" value="10"></property>
     <property name="mobCompany" value="Apple"></property>
     </bean>
               <bean id="three" class="com.cg.spring2.service.Inventory">
     <property name="mobCount" value="10"></property>
     <property name="mobCompany" value="Apple"></property>
     </bean>
     
   </beans>