<?xml version="1.0" encoding="UTF-8"?>
<beans xmlns="http://www.springframework.org/schema/beans"
	xmlns:xsi="http://www.w3.org/2001/XMLSchema-instance" xmlns:context="http://www.springframework.org/schema/context"
	xsi:schemaLocation="http://www.springframework.org/schema/beans
     http://www.springframework.org/schema/beans/spring-beans-4.0.xsd
     http://www.springframework.org/schema/context
     http://www.springframework.org/schema/context/spring-context-4.0.xsd">
	<bean id="tran" class="com.cg.sprinhone.service.Tran">
	
	<property name="sides" value="10"></property>
	
	</bean>
	<bean id="cir" class="com.cg.sprinhone.service.Circle">
	
	<property name="redious" value="10"></property>
	
	
	
	</bean>
		 
	
	 <bean id="mob" class="com.cg.sprinhone.service.Mobile"></bean>
</beans>